Landrys Katy,1
Willie Gs Post Oak,1
Landrys San Antonio,1
Landrys Kemah,1
Landrys Corpus Christi,1
Crab Shack Austin Town Lake,0
Landrys Dallas,0
Willie Gs Galveston,1
Landrys Lafayette,1
Landrys Westheimer,0
Landrys Addison,0
LITTLE ROCK,0
Crab Shack Memphis III,0
Landrys New Orleans,0
Landrys San Luis,1
Crab Shack Metro,0
Crab Shack North,0
Landrys Pensacola,0
Landrys Biloxi,0
Landrys Scottsdale,0
Simms Steakhouse,1
Crab Shack 610,0
Landrys Denver I-25,1
Landrys El Paso,1
Crab Shack Addison,0
MIAMI,0
Crab Shack Fuqua,0
Landrys Myrtle Beach,1
Landrys Branson,1
TULSA,0
Landrys Woodlands,1
Landrys Tampa,0
Crab Shack Kemah,0
CRAB SHACK WEST COLUMBIA,0
Landrys Las Vegas,1
Landrys New Orleans II,1
Crab Shack Grapevine,0
Landrys Saint Louis,1
Crab Shack Stemmons,0
Landrys Albuquerque,0
MESA,0
Landrys Huntsville,1
Crab Shack Galveston,0
Landrys Orlando,1
Landrys Destin,0
Landrys Birmingham,1
Crab Shack Destin,0
Crab Shack Tempe,0
CRAB SHACK KNOXVILLE,0
Crab Shack Mobile,0
Crab Shack Austin,0
"Crab Shack Aurora, CO",0
Willie Gs Oyster Bar,0
Crab Shack Toledo,0
Crab Shack Greenville,0
Flying Dutchman,1
Brass Parrot,0
KEMAH CANTINA,0
Willie Gs Denver,0
Crab Shack Myrtle Beach,0
Crab Shack Baton Rouge,0
Crab Shack McAllen,0
Crab Shack San Antonio I-10,0
Crab Shack Downers Grove,0
CRAB SHACK ST PETERSBURG,0
Crab Shack Schaumburg,0
Saltgrass Brentwood,0
Crab Shack Columbus,0
Crab Shack San Antonio Quarry,0
Crab Shack Louisville,0
Crab Shack Arlington,0
Crab House Miami,0
Crab Shack Lauderhill,0
Crab House Boca Raton,0
Crab House Plantation,0
Crab House Jupiter,0
CRAB HOUSE KEY WEST,0
Crab House Orlando 1,0
Crab House Orlando 2,0
CRAB HOUSE AVENTURA,0
CRAB HOUSE CHELSEA,0
Crab Shack Nashville,0
CRAB HOUSE GREAT NECK,0
CRAB HOUSE SINGER ISL,0
Crab Shack Smyrna,0
CRAB HOUSE RIO,0
Crab House Myrtle Beach,0
Crab House Myrtle Beach 2,0
Take Away 79th ST,0
Take Away Carol City,1
Take Away Sunrise,0
CRAB HOUSE CLEARWATER,0
Crab Shack Fairfax,0
Crab House Edgewater,0
Chart House Kemah,0
CRAB SHACK MADISON,0
Cadillac Bar Houston,1
Crab Shack Oklahoma City,0
Saltgrass Pineville,0
Crab Shack Myrtle Beach 2,0
Crab Shack Newport,0
Crab Shack Chicago,0
Crab Shack Lubbock,0
Crab Shack 290,0
Crab Shack San Antonio Riverwalk,0
Crab Shack Indianapolis 1,0
Crab Shack Las Vegas,0
Crab Shack Dayton,0
Crab Shack Hwy 6,0
Crab Shack Fairview,0
Crab Shack Beaumont,0
Saltgrass San Marcos,1
Saltgrass Colorado Springs,1
Crab Shack Atlanta,0
Crab Shack Memphis I,0
Crab Shack Memphis II,0
Crab Shack Clearwater,0
Crab Shack St. Louis,0
Crab Shack Canton,0
Crab Shack Corpus Christi,0
Crab Shack Sterling Heights,0
"Crab Shack Aurora, IL",0
Crab Shack Plano,0
Crab Shack Round Rock,0
Crab Shack Indianapolis 2,0
Crab Shack Mesquite,0
Crab Shack Hobart,0
Crab Shack Akron,0
Crab Shack Asheville,0
Crab Shack Lexington,0
Crab Shack Olathe,0
Crab Shack Columbus 2,0
Crab Shack San Diego,0
Cadillac Bar Kemah,1
Aquarium Kemah,1
CRAB SHACK JOHNSON CITY,0
Crab Shack Amarillo,0
Saltgrass East Freeway,1
Crab Shack Fayetteville,0
Crab Shack Indianapolis 3,0
Crab Shack Sanford,0
Crab Shack Orlando,0
Crab Shack Norfolk,0
Crab Shack Henderson,0
Rusty Duck Sacramento,0
RUSTY PELICAN NEWPORT,0
RUSTY PELICAN LONG BEACH,0
RUSTY PELICAN SAN DIEGO,0
Crab Shack Tempe Baseline,0
Cadillac Bar Dallas,0
Crab Shack Colorado Springs 2,0
Crab Shack Fort Wayne,0
Crab Shack Chesapeake,0
Crab Shack Hoover,0
"Crab Shack Sterling, VA",0
Crab Shack Ann Arbor,0
Crab Shack Utica,0
Crab Shack Durham,0
Crab Shack West End,0
Crab Shack Humble,0
Crab Shack Jacksonville,0
Crab Shack Maplegrove,0
Crab Shack Gaithersburg,0
Crab Shack Independence,0
Crab Shack Kennesaw,0
Crab Shack Tucson,0
Crab Shack Bethesda,0
Saltgrass Galveston,1
Babins Kemah,0
Crab Shack Roseville,0
Crab Shack Lawrenceville,0
Crab Shack Tulsa,0
Crab Shack Naples,0
Crab Shack Auburn Hills,0
Crab Shack San Ant 410,0
Crab Shack Cleveland,0
Crab Shack Peoria,0
Crab Shack Fort Apache,0
Crab Shack Redondo,0
Crab Shack Long Beach,0
Crab Shack Pacific Beach,0
Crab House Charleston,0
Crab Shack Wickliffe,0
Fishermans Wharf,1
Fish Tales,1
Phoenix Bakery,0
Crab Shack Duluth,0
Crab Shack Salt Lake,0
Crab Shack Fort Worth,0
Crab Shack Westminster,0
Crab Shack Alpharetta,0
Kemah - Arcade,1
Kemah - Maintenance,1
Kemah Boardwalk Marina,1
The Boardwalk Inn,1
Boardwalk Supply Company,0
Christmas at Kemah,0
Boardwalk Fun Shirts,1
Blaynes Boardwalk Fashions,1
The Toy Crossing,1
Animal Crackers,0
Kemah Bayside Grille,1
The Pizza Oven,1
Kemah Boardwalk Souvenirs,1
Magnetic Attractions,0
Lollipops & More,0
Rainforest Mall Of America,1
Rainforest Chicago Woodfield,1
Rainforest Chicago Gurnee,1
Rainforest Disney Spring Marketplace,1
Rainforest Tysons Corner,0
Rainforest Sawgrass Mills,1
Rainforest South Coast Plaza,0
Rainforest The Source,0
Rainforest Chicago Downtown,1
Rainforest Grapevine Mills,1
Rainforest Tempe Arizona Mills,1
Rainforest Aventura Mall,0
Rainforest Las Vegas,1
Rainforest Palisades Center,0
Rainforest Disney Animal Kingdom,1
Rainforest Ontario Mills,1
Rainforest Denver Cherry Creek,0
Rainforest Menlo Park Mall,1
Rainforest Boston Burlington,0
Rainforest Detroit Great Lakes,1
Rainforest Philly Franklin Mills,0
Rainforest Kansas City Oak Park Mall,0
Rainforest Baltimore - Towson Town,0
Rainforest Norfolk - Macarthur,0
Rainforest Seattle - South Center,0
Rainforest Jersey Gardens,0
Rainforest Katy Mills,1
Rainforest West Farms,0
Rainforest Opry Mills,1
Rainforest Fishermans Wharf,1
Rainforest Anaheim,1
Crab Shack Orlando Disney,0
Crab Shack Pier 19,0
Crab Shack Corpus Lighthouse,0
Crab Shack Garden Grove,0
Rainforest Yorkdale,0
Crab Shack Bellevue,0
Crab Shack Fishermans Wharf,0
Fuddruckers,0
Crab Shack Gurnee,0
Crab Shack Highway 249,0
Big Fish Dearborn,1
Big Fish Madison Heights,0
Big Fish Princeton,1
Crab Shack Westlake,0
Charleys Crab Beachwood,0
Charleys Crab Fort Lauderdale,0
Charleys Crab Grand Rapids,1
Charleys Crab Hilton Head,0
Charleys Crab Jupiter,0
Charleys Crab Naples,0
Charleys Crab Pals,0
Charleys Crab Palm Beach,1
Charleys Crab Troy,0
Grotto Palm Beach,0
Engine House,0
Gandy Dancer,1
Grand Concourse,1
Meriwethers,1
River Crab,1
Crab Shack West Bloomfield,0
Crab Shack Stone Mountain,0
Crab Shack Douglasville,0
Crab Shack Buckhead,0
Chart House Alexandria,1
Chart House Annapolis,1
Chart House Aspen,0
Crab Shack Boise,0
Chart House Boston,1
Chart House Cardiff,1
Chart House Cincinnati,1
Chart House Daytona Beach,1
Chart House Dobbs Ferry,0
Chart House Dana Point,1
Crab Shack Fort Myers,0
Chart House Genesee,1
Chart House Jacksonville,1
Charts,0
Chart House La Jolla,0
Chart House Longboat Key,1
Chart House Malibu,0
Chart House Melbourne,1
Chart House Miami,0
Chart House Mammoth Lakes,0
Chart House Montara,0
Chart House Marina Del Rey,1
Chart House Monterey,1
Chart House Newport Beach,0
Crab Shack Oceanside,0
Peohes,1
Chart House Philadelphia,1
Chart House Portland,1
Crab Shack Rowing Club,0
Chart House Redondo Beach,1
Chart House Rancho Mirage,0
Chart House Scottsdale,1
Chart House Simsbury,0
Chart House Steamboat Springs,0
Chart House Stateline,1
Chart House Savannah,1
Crab Shack Vancouver,0
Crab Shack Ventura,0
Chart House Weehawken,1
Crab Shack Pittsburgh,0
Vic & Anthonys,1
Aquarium Downtown,1
Rainforest Galveston,1
Crab Shack Industry,0
Crab Shack Fossil Creek,0
Babins Willowbrook,1
Babins Katy,1
Babins Woodlands,1
Saltgrass Katy Freeway,1
Saltgrass SW Freeway,1
Saltgrass North Freeway,1
Saltgrass Meyerland Plaza,1
Saltgrass Gulf Freeway,1
Saltgrass Lewisville,1
Saltgrass Grapevine,1
Saltgrass S.A. Huebner Oaks,1
Saltgrass South Arlington,1
Saltgrass Mesquite,1
Saltgrass South Fort Worth,1
Saltgrass Donella,1
Saltgrass Round Rock,1
Saltgrass Plano,1
Saltgrass Willowbrook,1
Saltgrass Katy,1
Saltgrass Fort Worth Fossil Creek,1
Saltgrass Woodlands,1
Saltgrass Midway,1
Saltgrass Richardson,1
Saltgrass North Arlington,1
Saltgrass Rockwall,1
Saltgrass Irving,1
Saltgrass McKinney,1
Crab Shack Fredricksburg,0
Crab Shack Lewisville,0
Saltgrass Norman,1
Crab Shack Oklahoma City 2,0
Crab Shack Orem,0
Crab Shack Wilmington,0
Brenners Steakhouse,1
Aquarium Denver,1
Holiday Inn Galveston,1
Crab Shack Sacramento,0
Pesce,0
Saltgrass Humble,1
Saltgrass Austin,1
Westin Houston Downtown,1
La Griglia,1
Grotto Westheimer,1
Grotto Woodway,0
Crab Shack West Jordan,0
Crab Shack Robinson,0
Saltgrass Kemah,1
Rainforest Atlantic City,1
Aquarium Nashville,1
Crab Shack Kissimmee,0
Crab Shack Sugar Land,0
Crab Shack Cedar Hill,0
Saltgrass Sugar Land,1
Galveston Island Convention Center,1
Boardwalk Beast Kemah,1
Crab Shack West Des Moines,0
Crab Shack Hampton,0
Crab Shack Bolingbrook,0
Crab Shack Pearland,0
Crab Shack Charlotte II,0
Starbucks Kemah,1
Grotto Woodlands,1
Crab Shack Chesterfield,0
Saltgrass Cedar Hill,1
Crab Shack Flamingo,0
Crab Shack Bossier City,0
Crab Shack Parker,0
Saltgrass Pearland,1
Harlows,0
Golden Nugget Las Vegas,1
Golden Nugget Laughlin,1
Crab Shack Laughlin,0
Harlows Laughlin,0
Rainforest San Antonio,1
Vic & Anthonys Las Vegas,1
Saltgrass Bossier City,1
Grotto Dallas,0
Saltgrass Parker,1
Crab Shack Rancho Cucamonga,0
Saltgrass Laughlin,1
Saltgrass Westminster,1
Grotto Las Vegas,1
Tower of the Americas,1
T-REX Cafe Kansas City,1
Crab Shack Branson,0
Saltgrass San Antonio Riverwalk,1
Saltgrass Shepherd,1
Brenners on the Bayou,1
Yak and Yeti,1
Red Sushi Kemah,1
T-REX Cafe Orlando,1
Rainforest Galleria,1
Saltgrass Rodeo Boardroom,1
Saltgrass Rodeo Kiosk,1
Saltgrass Conroe,1
Chart House Las Vegas,1
Kemah Beverage Kiosk,1
Sweet Scoops Kemah,1
Saltgrass Amarillo,1
Oceanaire Baltimore,1
Oceanaire Dallas,1
Oceanaire Houston,1
Oceanaire Indianapolis,1
Oceanaire Miami,0
Oceanaire Minneapolis,1
Oceanaire Orlando,1
Oceanaire San Diego,1
Oceanaire Washington DC,1
Oceanaire Atlanta,1
Oceanaire Boston,1
Oceanaire Denver,1
Lighthouse Buffet Kemah,1
Chart House Hilton Head,0
Chart House Fort Lauderdale,1
Chart House Tampa,0
Saltgrass Beaumont,1
Saltgrass Oklahoma City,1
Claim Jumper Avondale,1
Claim Jumper Brea,1
Claim Jumper Brookfield,0
Claim Jumper Buena Park,1
Claim Jumper Carlsbad,1
Claim Jumper Carmel Mountain,1
Claim Jumper Clackamas,1
Claim Jumper Concord,1
Claim Jumper Corona,1
Claim Jumper Deer Valley,1
Claim Jumper Fountain Valley,1
Claim Jumper Fremont,1
Claim Jumper Fresno,0
Claim Jumper Henderson,1
Claim Jumper Hoffman Estates,1
Claim Jumper Irvine,0
Claim Jumper La Mesa,1
Claim Jumper Laguna Hills,0
Claim Jumper Lombard,1
Claim Jumper Lonetree,0
Claim Jumper Long Beach,1
Claim Jumper Lynnwood,1
Claim Jumper Mission Viejo,1
Claim Jumper Monrovia,1
Claim Jumper Northridge,1
Claim Jumper Palmdale,1
Claim Jumper Puente Hills,0
Claim Jumper Rancho Cucamonga,1
Claim Jumper Redmond,0
Claim Jumper Reno,1
Claim Jumper Roseville,1
Claim Jumper San Bernardino,1
Claim Jumper Santa Ana,1
Claim Jumper South Coast Plaza,1
Claim Jumper Summerlin,1
Claim Jumper Temecula,1
Claim Jumper Tempe,1
Claim Jumper Thousands Oaks,1
Claim Jumper Torrance,0
Claim Jumper Town Square,1
Claim Jumper Tualatin,1
Claim Jumper Tucson,1
Claim Jumper Tukwila,1
Claim Jumper Valencia,1
Claim Jumper Wheeling,0
Bubba Gump Anaheim,1
Bubba Gump Breckenridge,0
Bubba Gump Charleston,1
Bubba Gump Chicago,1
Bubba Gump Daytona Beach,1
Bubba Gump Denver,1
Bubba Gump Ft. Lauderdale,1
Bubba Gump Gatlinburg,1
Bubba Gump Hollywood,1
Bubba Gump Honolulu,1
Bubba Gump Kailua Kona,1
Bubba Gump Long Beach,1
Bubba Gump Madeira Beach,1
Bubba Gump Mall of America,1
Bubba Gump Maui,1
Bubba Gump Miami,1
Bubba Gump Monterey,1
Bubba Gump New Orleans,1
Bubba Gump New York,1
Bubba Gump Orlando,1
Bubba Gump San Francisco,1
Bubba Gump Santa Monica,1
Bubba Gump Cancun,1
Bubba Gump Hong Kong,1
Capis Italian Kitchen,0
Rusty Pelican,1
Mai Tai Daytona Beach,1
Mai Tai Long Beach,0
Mai Tai Honolulu,1
Bubba Gump Puerto Vallarta,0
Bubba Gump London,0
Saltgrass Bandera,1
Bubba Gump Destin,1
Angelo and Maxies Steakhouse,0
Golden Nugget Atlantic City,1
Chart House Atlantic City,1
Grotto Atlantic City,1
Vic & Anthonys Atlantic City,1
Kemah Daiquiri Shack,0
Kemah Bullet Beverage,0
Kemah Snack Shack,0
Kemah Snow Cone,0
Kemah Pizza Funnel,0
GNAC Beverage,1
Saltgrass Cinema Ridge,1
Saltgrass Cypress,1
Beso Steakhouse,0
Kemah FantaSea,1
Kemah FantaSea Boathouse,1
GNLV Ice Bar,1
Michael Patricks,0
Jakes Crawfish,1
McCormicks Fish House Seattle,0
McCormicks Fish House Beaverton,1
McCormick & Schmicks Seattle,0
McCormick & Schmicks Harborside at the Marina,1
McCormicks Fish House Denver,1
McCormick & Schmicks Irvine,1
Kuletos San Francisco,1
McCormick & Schmicks Los Angeles,0
McCormick & Schmicks Pasadena,0
McCormick & Schmicks Pacific Seafood Grill,0
McCormick & Schmicks Catering  Seattle,1
Jakes Grill,1
McCormick & Schmicks Harborside Seattle,0
McCormick & Schmicks DC - K Street,1
McCormick & Schmicks Reston,1
McCormick & Schmicks El Segundo,1
McCormick & Schmicks Baltimore,1
McCormick & Schmicks Las Vegas,1
McCormick & Schmicks Grill DC,0
McCormick & Schmicks Chicago,1
McCormick & Schmicks Houston Uptown,1
Spengers Berkeley,1
McCormick & Schmicks Phoenix,0
McCormick & Schmicks Atlanta,1
McCormick & Schmicks Kansas City,1
McCormick & Schmicks Minneapolis,1
McCormick & Schmicks Tysons Corner,1
McCormick & Schmicks Boston,0
Heathman Restaurant,0
McCormick & Schmicks Troy,1
McCormick & Schmicks Philadelphia,1
McCormick & Schmicks Boston - Faneuil Hall,1
McCormick & Schmicks Hackensack,0
McCormick & Schmicks Atlanta CNN,1
McCormick & Schmicks Orlando,0
McCormick & Schmicks Dallas,0
McCormick & Schmicks Grill Baltimore,1
McCormick & Schmicks Bridgewater,1
McCormick & Schmicks San Jose,1
McCormick & Schmicks Austin,0
McCormick & Schmicks Denver,1
McCormick & Schmicks Birmingham,0
McCormick & Schmicks Providence,1
McCormick & Schmicks DC - F Street,0
McCormick & Schmicks Grill Reston,1
McCormick & Schmicks Manhattan,0
McCormick & Schmicks Crystal City,1
McCormick & Schmicks Tigard,1
McCormick & Schmicks Charlotte South Park,1
McCormick & Schmicks Grill Kansas City,0
McCormick & Schmicks Pittsburgh,1
McCormick & Schmicks Charlotte Uptown,1
McCormick & Schmicks Bellevue,1
McCormick & Schmicks Indianapolis,1
McCormick & Schmicks Columbus,1
McCormick & Schmicks Chicago E Wacker,1
McCormick & Schmicks Cincinnati,1
McCormick & Schmicks Burbank,0
McCormick & Schmicks Santa Ana,0
McCormick & Schmicks Sacramento,0
McCormick & Schmicks Oak Brook,1
McCormick & Schmicks Austin Domain,1
McCormick & Schmicks Dayton,1
McCormick & Schmicks Cleveland,0
McCormick & Schmicks Pittsburgh Piatt Bldg,1
McCormick & Schmicks Skokie,1
McCormick & Schmicks Virginia Beach,1
McCormick & Schmicks Annapolis,0
McCormick & Schmicks Cherry Hill,0
McCormick & Schmicks Milwaukee,0
McCormick & Schmicks Anaheim,1
McCormick & Schmicks National Harbor,1
McCormick & Schmicks Scottsdale,0
McCormick & Schmicks Atlantic City,1
McCormick & Schmicks Rosemont,1
McCormick & Schmicks Raleigh,1
McCormick & Schmicks Edina,1
McCormick & Schmicks Naples,1
McCormick & Schmicks Houston Pavilion,1
McCormick & Schmicks St. Louis,1
McCormick & Schmicks Roseville,1
McCormick & Schmicks Houston T&C,1
McCormick & Schmicks West Palm Beach,0
Boathouse English Bay,1
Boathouse New Westminster,1
Boathouse White Rock,1
Boathouse Richmond,1
Boathouse Horseshoe Bay,0
Boathouse Port Moody,1
Boathouse Kitsilano Beach,1
Bubba Gump Jupiter,0
McCormick & Schmicks San Diego,1
Trevi,1
Mortons Chicago State Street,1
Mortons DC Georgetown,1
Mortons Boston Back Bay,0
Mortons Rosemont,1
Mortons Cleveland,1
Mortons Tysons Corner,0
Mortons Cincinnati,1
Mortons San Antonio,1
Mortons Palm Beach,1
Mortons Beverly Hills,1
Mortons Sacramento ,1
Mortons Pittsburgh,1
Mortons New York,1
Mortons St. Louis,1
Mortons Palm Desert,1
Mortons Buckhead,0
Mortons Charlotte,1
Mortons San Francisco,1
Mortons Denver,1
Mortons Atlanta,1
Mortons Houston Galleria,1
Mortons Orlando,1
Mortons Phoenix,0
Mortons DC Conn Ave,1
Mortons San Diego,1
Mortons Baltimore,1
Mortons Miami Brickell,1
Mortons Stamford,0
Mortons Singapore,1
Mortons North Miami,1
Mortons Toronto,1
Mortons Portland,1
Mortons Nashville,1
Mortons Scottsdale,1
Mortons Philadelphia,1
Mortons Boca Raton,1
Mortons Indianapolis,1
Mortons Hong Kong,1
Mortons Schaumburg,1
Mortons Seattle,0
Mortons Denver Tech,0
Mortons Las Vegas,1
Mortons Jacksonville,1
Mortons Hartford,0
Mortons Great Neck,1
Mortons San Juan,1
Mortons New Orleans,1
Mortons Louisville,1
Mortons Reston,1
Mortons Honolulu,1
Mortons LA Figueroa,1
Mortons Costa Mesa,1
Mortons King Of Prussia,1
Mortons Hackensack,1
Mortons Arlington,1
Mortons Burbank,1
Mortons Richmond,1
Mortons White Plains,1
Mortons Bethesda,1
Mortons Chicago East Wacker,1
Mortons Atlantic City,1
Mortons Troy,1
Mortons Northbrook,1
Mortons Houston Downtown,1
Mortons Anaheim,1
Mortons San Jose,1
Mortons Macau,1
Mortons Boston Seaport,1
Mortons Woodland Hills,1
Mortons Chicago Naperville,1
Mortons Miami Coral Gables,1
Mortons Brooklyn,0
Mortons Ft. Lauderdale,1
Mortons Mexico City,1
Mortons Miami Beach,0
Mortons Shanghai,1
Mortons Dallas Uptown,1
Claim Jumper Nashville,1
Bubba Gump Baltimore,1
Bubba Gump Galveston,1
Vic & Anthonys New York,0
GNAC Bean and Bread,1
Galveston Isle Pleasure Pier,1
Galveston Pier Maintenance,1
Starbucks Atlantic City,1
Bubba Gump Las Vegas,1
Mortons Beijing,1
Willie Gs Austin,0
SHe Restaurant,0
SHe Nightclub,0
Bubba Gump Laughlin,1
Bubba Gump Kemah,1
Claim Jumper Burbank,1
Saltgrass Midland,1
Mortons World Trade Center NY,1
Mortons Biloxi,1
Mortons Grille Woodlands,1
Golden Nugget Biloxi,1
GNBX Asian Cuisine,1
GNBX Bean and Bread,0
GNBX Michael Patricks,1
GNBX Beverage,0
GNAC Parking,0
GNAC Haven,1
Mastros Steakhouse Scottsdale,1
Mastros Steakhouse Beverly Hills,1
Mastros City Hall Scottsdale,1
Mastros Ocean Club Scottsdale,1
Mastros Ocean Club Newport Beach,1
Mastros Steakhouse Costa Mesa,1
Mastros Steakhouse Thousand Oaks,1
Mastros Ocean Club Las Vegas,1
Mastros Steakhouse Chicago,1
Mastros Steakhouse Palm Desert,1
Grotto Galveston,1
GNAC Asian Cuisine,1
Starbucks Biloxi,1
Mortons Grill Shanghai,1
Oceanaire Hackensack,1
GNAC Chocolate Box,1
Saltgrass Port Arthur,1
Claim Jumper Albuquerque,1
Claim Jumper Sacramento,1
Claim Jumper Laughlin,1
Claim Jumper GNLV,1
Cadillac Bar GNLV,1
GNBX Chocolate Box,1
GNBX Styles and Trends,1
Starbucks GNLV,1
GNLV Buffet,1
GNLV Grill,1
Saltgrass McAllen,1
Mastros Ocean Club Malibu,1
Bubba Gump Biloxi,1
Chart House San Francisco,1
WRONG,0
Saltgrass College Station,1
Mortons Grille Kansas City,0
Mortons Grille Park Avenue NYC,0
Mastros Manhattan,1
Cadillac Bar GNLC,1
GNLC - Catering & Banquet,1
Vic & Anthonys Lake Charles,1
GNLC Asian Cuisine,1
GNLC Ice Bar,1
GNLC Blue Martini Bar,1
GNLC Buffet,1
Starbucks GNLC,1
Grotto Lake Charles,1
Landrys Lake Charles,1
Saltgrass Lake Charles,1
GNLC Rush Lounge,1
GNLC H2O Bar,1
Chart House Lake Charles,1
Mitchells Fish Market Jacksonville,1
Mitchells Fish Market Sandestin,1
Mitchells Fish Market Tampa,1
Mitchells Fish Market Orlando Winter Park,1
Mitchells Fish Market Cincinnati West Chester,1
Mitchells Fish Market Cleveland Woodmere,1
Mitchells Fish Market Columbus Grandview,1
Mitchells Fish Market Columbus Crosswoods,0
Mitchells Fish Market Lansing,1
Mitchells Fish Market Livonia,1
Mitchells Fish Market Rochester Hills,1
Mitchells Fish Market Birmingham,1
Mitchells Fish Market Indianapolis Carmel,1
Mitchells Fish Market Louisville,1
Mitchells Fish Market Newport Kentucky,1
Mitchells Fish Market Milwaukee Brookfield,1
Mitchells Fish Market Pittsburgh Galleria,1
Mitchells Fish Market Pittsburgh Waterfront,1
Camerons Steakhouse Birmingham,1
Mitchells Steakhouse Columbus Downtown,1
Mitchells Steakhouse Columbus Polaris Parkway,1
GNLC Bar 46,0
GNLC High Limit,0
GNLC Service Bars,0
Claim Jumper Lake Charles,1
Bills Bar & Burger Lake Charles,1
Mastros DC,1
Bubba Gump Puerto Vallarta Airport,1
GNLC Party Pit,1
Saltgrass Waco,1
Saltgrass Odessa,1
Mortons Taipei,1
GNLV Claudes Bar,0
GNLV Intl Beer Bar,0
GNLV Sports Bar,0
GNLV Stage Bar,0
GNLV Rush Lounge,0
GNLV Showroom,0
GNLV Gold Diggers,0
GNLV Banquets,0
GNLV Pool Hideout,0
GNLV Pool H2O,0
GNLV Bar 46,0
GNLV Room Service,0
GNLN Gold Diggers,0
Saltgrass Lubbock,1
Saltgrass Baytown,1
Golden Nugget Lake Charles,1
Saltgrass Longview,1
Chick-fil-a Galveston,1
Dippin Dots Galveston,1
Saltgrass Denver,1
Saltgrass Branson,1
Saltgrass Lafayette,1
Saltgrass Tyler,1
Claim Jumper San Diego,1
Mitchells Fish Market Edgewater,1
GNAC Rush Lounge and Party Pit,0
GNAC Live Bar,0
GNAC Bar 46,0
GNAC H2O,0
Mortons Saratoga,1
Grotto Downtown Houston,1
Saltgrass Corpus Christi,1
Atlantic Grill East,1
Atlantic Grill Lincoln Center,1
Bills Bar & Burger Downtown,1
Bills Bar & Burger Meatpacking,1
Bills Bar & Burger Rockefeller Ctr,1
Bills Bar & Burger Pittsburgh,1
Blue Fin,1
Blue Water Grill,1
Dos Caminos Third Avenue,1
Dos Caminos Meatpacking,1
Dos Caminos Park Avenue,1
Dos Caminos SoHo,1
Dos Caminos Time Square,1
Isabellas,1
Strip House Midtown,1
Strip House Downtown,1
Strip House Las Vegas,1
Troys Liquor Bar,1
Mastros Ocean Club Boston,1
Saltgrass El Paso,0
Mortons Buffalo,0
Mortons Rochester,0
Saltgrass Baton Rouge,1
Mastros Houston,0
Saltgrass Little Rock North,0
Saltgrass Pasadena,0
Saltgrass Edmond,0
Saltgrass LR Bass Pro,0
Mastros Ft Lauderdale,0
Catch NYC,0
Catch LA,0
Lexington Brass,0
Lone Star Steakhouse Knightdale,0
Lone Star Steakhouse Orlando,0
TX Land & Cattle San Antonio,0
TX Land & Cattle Branson,0
TX Land & Cattle Austin,0
Landrys Restaurants Corporate Office,1
Landrys Corp.-Hangar,1
Landrys Warehouse,1
Kemah Human Resources,1
The Events Company,1
Dallas Regional Accounting Office,0
San Antonio Regional Accounting Office,0
Kemah Regional Accounting Office,1
Galveston Regional Accounting Office,0
Rainforest Cafe Regional Office,0
Galveston Human Resources,0
Kemah Boardwalk Admin,0
Landrys Distribution Center,1
GNLV Retail,1
GNLN Retail,1
Kemah Amusements,0
Kemah Water Shuttle I,0
Kemah Water Shuttle II,0
Red Sushi Las Vegas,1
Kemah Sales Office,1
Landrys Corp 1700 West Loop South,1
Cadillac Bar Food Truck,0
EMPTY,0
Saltgrass Pensacola,1
San Luis Resort,1
San Luis Condominiums,0
Hilton Hotel,1
IHOP,1
San Luis Steakhouse,1
GNLV - d'Oro,1
GNLV - The Chocolate Box,1
GNLV Lillies,1
GIHPP - Pelican`s Bag,1
KB - Blayne`s,1
KB - Boardwalk Fun Shirts,1
KB - Gulf Gifts,1
KB - Christmas at Kemah,0
KB - Saltgrass Junction,1
KB - Kemah Souvenir,1
KB - Surf`s Up,1
GIHPP - Lolli & Pops,1
KB - Toy Crossing,1
San Luis Resort - Style,1
San Luis - Inn Shoppe,1
GNLV Salon and Spa,1
GNBX - Essentials,1
GNLV - Style & Trend,1
GNLN - Style LN,1
GNLV - Essentials North,1
GNLV - Pool Boy,1
GNLV - Essentials South,1
GNLV - 1946,1
GNLV - Signature,1
GNAC - Essentials South,1
GNAC - Style & Trend,1
GNAC - d`Oro,1
GNAC - Signature,1
GNAC - Tint,1
GNAC - Docksider,1
GNAC - Essentials North,1
GNAC - Pool Boy,1
GNLC - Aqua/Style & Trend/1946,1
GNLC - Essentials,1
GNLC - Luxe,1
GNLC - The Chocolate Box,1
GNLC - Pool Boy,1
GNLC - Riveted,1
GNLV Ticket Office,1
GNAC 1946,1
GNBX Styles and Trends,1
GNBX Chocolate Box,0
GNLV Front Desk,1
Festival,1
GNLN - Starbucks,1
GNLN - Deli and Banquet,1
GNLN - Beverage Operations,1
GNAC - Banquet and Showroom,1
GNAC - Fuel Dock,1
GNBX - Buffet and Banquet,1
GNBX - Pool,1
